OTU_ID	Kingdom	Phylum	Class	Order	Family	Genus	Species
ASV100	Fungi	Ascomycota	Dothideomycetes	Pleosporales	Pleosporaceae	Dothideomycetes_unidentified_1	Dothideomycetes_unidentified_1
ASV1009	Fungi	Ascomycota	Sordariomycetes	Hypocreales	Hypocreales_Incertae_sedis	Myrothecium	Myrothecium_leucotrichum
ASV101	Fungi	Basidiomycota	Tremellomycetes	Tremellales	Tremellales_Incertae_sedis	Hannaella	Hannaella_sp
ASV102	Fungi	Ascomycota	Dothideomycetes	Pleosporales	Phaeosphaeriaceae	Ophiosphaerella	Ophiosphaerella_agrostis
ASV1024	Fungi	Ascomycota					
ASV103	Fungi	Ascomycota	Dothideomycetes	Pleosporales	Phaeosphaeriaceae	Phaeosphaeria	Phaeosphaeria_oryzae
ASV1031	Fungi	Ascomycota					
ASV1033	Fungi	Basidiomycota	Microbotryomycetes	Sporidiobolales	Sporidiobolales_Incertae_sedis	Rhodotorula	Rhodotorula_ingeniosa
ASV104	Fungi	Ascomycota	Dothideomycetes	Pleosporales	Didymellaceae	Leptosphaerulina	Leptosphaerulina_australis
ASV105	Fungi	Basidiomycota	Exobasidiomycetes	Entylomatales	Entylomataceae	Entyloma	Entyloma
ASV1057	Fungi	Ascomycota	Dothideomycetes	Capnodiales	Mycosphaerellaceae	Septoria	Septoria_arundinacea
ASV106	Fungi	Basidiomycota	Tremellomycetes	Tremellales	Tremellales_Incertae_sedis	Hannaella	Hannaella_sp
ASV1060	Fungi	Basidiomycota	Agaricomycetes	Russulales	Peniophoraceae	Peniophora	Peniophora_laxitexta
ASV1063	Fungi	Ascomycota					
ASV1064	Fungi	Ascomycota	Sordariomycetes	Diaporthales	Diaporthaceae	Phomopsis	Phomopsis_longicolla
ASV1066	Fungi	Basidiomycota	Agaricomycetes	Polyporales	Steccherinaceae	Irpex	Irpex_lacteus
ASV1067	Fungi	Basidiomycota	Exobasidiomycetes	Entylomatales	Entylomataceae	Entyloma	
ASV107	Fungi	Ascomycota	Dothideomycetes	Capnodiales	Mycosphaerellaceae	Dissoconium	Dissoconium_aciculare
ASV1076	Fungi	Ascomycota	Eurotiomycetes	Chaetothyriales	Chaetothyriales_unidentified	Chaetothyriales_unidentified_1	Chaetothyriales_unidentified_1
ASV1079	Fungi	Ascomycota	Dothideomycetes	Pleosporales	Phaeosphaeriaceae	Ascomycota_unidentified_1_1	Ascomycota_unidentified_1_1
ASV108	Fungi	Ascomycota	Dothideomycetes	Pleosporales	Phaeosphaeriaceae	Phaeosphaeria	Phaeosphaeria_oryzae
ASV1086	Fungi	Ascomycota	Sordariomycetes	Xylariales			
ASV1087	Fungi	Basidiomycota	Tremellomycetes	Tremellales	Tremellaceae	Cryptococcus	
ASV109	Fungi	Basidiomycota	Tremellomycetes	Tremellales	Tremellales_Incertae_sedis	Hannaella	Hannaella_oryzae
ASV1090	Fungi	Ascomycota					
ASV110	Fungi	Ascomycota	Dothideomycetes	Capnodiales	Mycosphaerellaceae		
ASV111	Fungi	Ascomycota	Sordariomycetes	Sordariomycetes_Incertae_sedis	Magnaporthaceae	Pyricularia	Pyricularia_sp
ASV1110	Fungi	Basidiomycota	Exobasidiomycetes	Tilletiales	Tilletiaceae	Tilletia	Tilletia_moliniae
ASV1112	Fungi	Ascomycota	Dothideomycetes	Pleosporales	Lophiostomataceae	Massarina	Massarina_igniaria
ASV1113	Fungi	Ascomycota	Dothideomycetes	Pleosporales	Lophiostomataceae	Lophiostoma	Lophiostoma_sp
ASV1117	Fungi	Ascomycota	Sordariomycetes				
ASV112	Fungi	Basidiomycota	Tremellomycetes	Tremellales	Tremellales_Incertae_sedis	Dioszegia	Dioszegia_hungarica
ASV1123	Fungi	Ascomycota	Dothideomycetes	Pleosporales	Pleosporales_unidentified	Pleosporales_unidentified_1	Pleosporales_unidentified_1
ASV1124	Fungi	Ascomycota					
ASV1127	Fungi	Basidiomycota	Agaricomycetes	Auriculariales	Auriculariales_Incertae_sedis		
ASV113	Fungi	Ascomycota	Dothideomycetes	Pleosporales	Phaeosphaeriaceae	Phaeosphaeria	Phaeosphaeria_oryzae
ASV1131	Fungi	Basidiomycota	Agaricomycetes	Polyporales	Phanerochaetaceae	Byssomerulius	Byssomerulius_sp
ASV1136	Fungi	Basidiomycota	Agaricomycetes	Basidiomycota_unidentified_1	Basidiomycota_unidentified_1	Basidiomycota_unidentified_1_1	Basidiomycota_unidentified_1_1
ASV114	Fungi	Basidiomycota	Tremellomycetes	Tremellales	Tremellales_Incertae_sedis	Auriculibuller	Auriculibuller_fuscus
ASV115	Fungi	Ascomycota	Dothideomycetes	Pleosporales	Leptosphaeriaceae	Neosetophoma	Neosetophoma_sp
ASV117	Fungi	Basidiomycota	Tremellomycetes	Tremellales	Tremellales_Incertae_sedis	Bullera	Bullera_penniseticola
ASV118	Fungi	Ascomycota	Dothideomycetes	Pleosporales	Fungi_unidentified_1_1	Fungi_unidentified_1_1	Fungi_unidentified_1_1
ASV1181	Fungi	Ascomycota	Eurotiomycetes	Chaetothyriales	Chaetothyriales_Incertae_sedis	Strelitziana	Strelitziana_africana
ASV119	Fungi	Basidiomycota	Microbotryomycetes	Sporidiobolales	Sporidiobolales_Incertae_sedis	Sporobolomyces	Sporobolomyces_oryzicola
ASV12	Fungi	Basidiomycota	Microbotryomycetes	Sporidiobolales	Sporidiobolaceae	Sporobolomyces	Sporobolomyces_ruberrimus
ASV120	Fungi						
ASV121	Fungi	Ascomycota	Dothideomycetes	Pleosporales	Pleosporales_Incertae_sedis	Periconia	Periconia_sp
ASV122	Fungi	Basidiomycota	Exobasidiomycetes	Exobasidiomycetidae_Incertae_sedis	Exobasidiomycetidae_Incertae_sedis	Tilletiopsis	Tilletiopsis_pallescens
ASV1227	Fungi	Basidiomycota	Agaricomycetes				
ASV123	Fungi	Basidiomycota	Tremellomycetes	Tremellales	Tremellales_Incertae_sedis	Bullera	Bullera_variabilis
ASV125	Fungi	Ascomycota	Dothideomycetes	Pleosporales	Pleosporaceae	Cochliobolus	Cochliobolus_lunatus
ASV127	Fungi	Ascomycota	Dothideomycetes	Pleosporales			
ASV128	Fungi	Basidiomycota	Exobasidiomycetes	Entylomatales	Entylomataceae	Entyloma	Entyloma
ASV129	Fungi	Ascomycota	Dothideomycetes	Pleosporales	Phaeosphaeriaceae	Eudarluca	Eudarluca_caricis
ASV13	Fungi	Ascomycota	Dothideomycetes	Capnodiales	Mycosphaerellaceae	Sphaerulina	Sphaerulina_pseudovirgaureae
ASV130	Fungi	Ascomycota	Dothideomycetes	Pleosporales	Phaeosphaeriaceae		
ASV131	Fungi	Ascomycota	Dothideomycetes	Pleosporales			
ASV132	Fungi	Ascomycota	Sordariomycetes	Sordariomycetidae_Incertae_sedis	Plectosphaerellaceae	Plectosphaerella	
ASV133	Fungi	Ascomycota	Fungi_unidentified_1	Fungi_unidentified_1	Fungi_unidentified_1_1	Fungi_unidentified_1_1	Fungi_unidentified_1_1
ASV134	Fungi	Basidiomycota	Microbotryomycetes	Sporidiobolales	Sporidiobolales_Incertae_sedis	Sporobolomyces	Sporobolomyces_sp
ASV135	Fungi	Ascomycota	Dothideomycetes	Pleosporales			
ASV136	Fungi	Ascomycota	Dothideomycetes	Pleosporales	Pleosporales_Incertae_sedis	Phoma	Phoma_brasiliensis
ASV139	Fungi	Ascomycota	Fungi_unidentified_1	Fungi_unidentified_1	Fungi_unidentified_1_1	Fungi_unidentified_1_1	Fungi_unidentified_1_1
ASV14	Fungi	Ascomycota	Dothideomycetes	Pleosporales	Pleosporales_Incertae_sedis	Phoma	
ASV140	Fungi	Ascomycota					
ASV141	Fungi	Ascomycota	Dothideomycetes	Dothideales	Dothioraceae	Kabatiella	
ASV142	Fungi	Ascomycota	Dothideomycetes	Dothideales	Dothioraceae	Kabatiella	Aureobasidium_pullulans
ASV143	Fungi	Basidiomycota	Tremellomycetes	Tremellales	Tremellales_Incertae_sedis	Dioszegia	
ASV144	Fungi	Ascomycota					
ASV145	Fungi	Basidiomycota					
ASV146	Fungi	Basidiomycota	Tremellomycetes	Tremellales	Tremellales_Incertae_sedis	Hannaella	Hannaella_coprosmaensis
ASV147	Fungi	Basidiomycota	Tremellomycetes	Tremellales	Tremellales_Incertae_sedis	Cryptococcus	Cryptococcus_sp
ASV148	Fungi						
ASV15	Fungi	Ascomycota	Dothideomycetes	Capnodiales	Mycosphaerellaceae	Uwebraunia	Uwebraunia_commune
ASV150	Fungi	Basidiomycota	Tremellomycetes	Tremellales	Tremellaceae	Cryptococcus	Cryptococcus_macerans
ASV151	Fungi	Ascomycota	Sordariomycetes	Trichosphaeriales	Trichosphaeriales_Incertae_sedis	Khuskia	Khuskia
ASV154	Fungi	Basidiomycota	Tremellomycetes	Tremellales	Tremellales_Incertae_sedis	Bullera	Bullera_penniseticola
ASV155	Fungi	Ascomycota	Dothideomycetes	Pleosporales	Phaeosphaeriaceae	Ophiosphaerella	Ophiosphaerella_agrostis
ASV156	Fungi	Basidiomycota	Tremellomycetes	Tremellales	Tremellales_Incertae_sedis	Hannaella	Hannaella_zeae
ASV157	Fungi	Ascomycota	Dothideomycetes	Pleosporales	Pleosporaceae	Exserohilum	Exserohilum_rostratum
ASV158	Fungi	Ascomycota	Dothideomycetes	Capnodiales	Mycosphaerellaceae		
ASV159	Fungi	Ascomycota	Sordariomycetes	Hypocreales	Nectriaceae	Fusarium	Fusarium_equiseti
ASV16	Fungi	Ascomycota	Dothideomycetes	Capnodiales	Mycosphaerellaceae	Mycosphaerella	Mycosphaerella_lateralis
ASV161	Fungi	Basidiomycota	Tremellomycetes	Tremellales	Tremellales_Incertae_sedis		
ASV163	Fungi	Basidiomycota					
ASV166	Fungi	Basidiomycota	Microbotryomycetes	Sporidiobolales	Sporidiobolales_Incertae_sedis	Sporobolomyces	Sporobolomyces_coprosmae
ASV167	Fungi	Ascomycota	Dothideomycetes	Pleosporales	Pleosporaceae	Alternaria	Alternaria_longissima
ASV168	Fungi	Ascomycota	Dothideomycetes	Pleosporales	Phaeosphaeriaceae	Phaeosphaeria	Phaeosphaeria_sp
ASV17	Fungi	Ascomycota	Dothideomycetes	Capnodiales	Mycosphaerellaceae	Davidiella	Davidiella_macrospora
ASV170	Fungi	Basidiomycota	Tremellomycetes	Tremellales	Tremellaceae	Cryptococcus	Cryptococcus_macerans
ASV171	Fungi	Ascomycota	Dothideomycetes	Capnodiales	Mycosphaerellaceae	Mycosphaerella	Mycosphaerella_nyssicola
ASV172	Fungi	Ascomycota					
ASV173	Fungi	Ascomycota	Dothideomycetes				
ASV174	Fungi	Basidiomycota	Tremellomycetes	Filobasidiales	Filobasidiaceae	Filobasidium	Filobasidium_floriforme
ASV175	Fungi	Ascomycota	Dothideomycetes	Pleosporales	Didymellaceae		
ASV176	Fungi	Basidiomycota	Tremellomycetes	Tremellales	Tremellaceae	Cryptococcus	Cryptococcus_chernovii
ASV177	Fungi	Basidiomycota	Tremellomycetes	Tremellales	Tremellales_Incertae_sedis	Hannaella	Hannaella_coprosmaensis
ASV178	Fungi	Ascomycota	Dothideomycetes	Pleosporales	Phaeosphaeriaceae	Phaeosphaeria	Phaeosphaeria_sp
ASV179	Fungi	Ascomycota	Dothideomycetes	Pleosporales	Pleosporaceae	Epicoccum	Epicoccum_sorghi
ASV180	Fungi						
ASV181	Fungi	Ascomycota	Dothideomycetes	Pleosporales	Leptosphaeriaceae	Paraphoma	Paraphoma_chrysanthemicola
ASV182	Fungi	Ascomycota	Dothideomycetes	Pleosporales	Phaeosphaeriaceae	Ophiosphaerella	Ophiosphaerella_agrostis
ASV183	Fungi	Ascomycota	Dothideomycetes	Pleosporales	Leptosphaeriaceae	Coniothyrium	Coniothyrium_sidae
ASV184	Fungi	Ascomycota	Dothideomycetes	Pleosporales	Phaeosphaeriaceae	Phaeosphaeria	Phaeosphaeria_oryzae
ASV185	Fungi	Basidiomycota	Tremellomycetes	Cystofilobasidiales	Cystofilobasidiaceae	Udeniomyces	Udeniomyces_pannonicus
ASV186	Fungi	Ascomycota	Sordariomycetes	Hypocreales	Nectriaceae	Fusarium	Fusarium_equiseti
ASV187	Fungi	Ascomycota	Sordariomycetes	Trichosphaeriales	Trichosphaeriales_Incertae_sedis	Nigrospora	Nigrospora_sphaerica
ASV188	Fungi	Basidiomycota					
ASV19	Fungi	Ascomycota	Dothideomycetes	Pleosporales	Phaeosphaeriaceae	Eudarluca	Eudarluca_caricis
ASV193	Fungi	Ascomycota	Sordariomycetes	Sordariomycetidae_Incertae_sedis	Glomerellaceae	Glomerella	
ASV195	Fungi	Basidiomycota	Microbotryomycetes	Sporidiobolales	Sporidiobolaceae	Sporobolomyces	Sporobolomyces_koalae
ASV196	Fungi	Ascomycota	Pezizomycotina_Incertae_sedis	Pezizomycotina_Incertae_sedis	Pezizomycotina_Incertae_sedis	Torula	Torula_caligans
ASV197	Fungi	Ascomycota					
ASV198	Fungi	Ascomycota	Dothideomycetes	Pleosporales	Didymellaceae	Leptosphaerulina	Leptosphaerulina_chartarum
ASV199	Fungi	Ascomycota	Dothideomycetes	Capnodiales			
ASV20	Fungi	Ascomycota	Dothideomycetes	Pleosporales	Didymellaceae		
ASV201	Fungi	Basidiomycota	Tremellomycetes	Tremellales	Tremellales_Incertae_sedis	Dioszegia	
ASV202	Fungi	Basidiomycota	Tremellomycetes	Tremellales	Tremellaceae	Cryptococcus	Cryptococcus_sp
ASV203	Fungi	Basidiomycota					
ASV205	Fungi	Basidiomycota					
ASV206	Fungi	Ascomycota	Ascomycota_unidentified	Ascomycota_unidentified_1	Ascomycota_unidentified_1	Ascomycota_unidentified_1_1	Ascomycota_unidentified_1_1
ASV209	Fungi	Basidiomycota	Tremellomycetes	Tremellales	Tremellaceae	Cryptococcus	Cryptococcus_victoriae
ASV21	Fungi	Ascomycota	Dothideomycetes	Pleosporales	Pleosporales_Incertae_sedis	Phoma	Phoma_paspali
ASV210	Fungi	Ascomycota	Dothideomycetes	Pleosporales	Phaeosphaeriaceae		
ASV211	Fungi	Ascomycota	Dothideomycetes	Pleosporales	Phaeosphaeriaceae	Phaeosphaeria	Phaeosphaeria_sp
ASV213	Fungi	Basidiomycota	Exobasidiomycetes	Exobasidiomycetidae_Incertae_sedis	Exobasidiomycetidae_Incertae_sedis	Tilletiopsis	Tilletiopsis_pallescens
ASV214	Fungi	Basidiomycota					
ASV216	Fungi	Ascomycota	Dothideomycetes	Pleosporales	Pleosporaceae	Cochliobolus	Cochliobolus_geniculatus
ASV219	Fungi	Ascomycota	Dothideomycetes	Pleosporales	Pleosporaceae	Edenia	Edenia_gomezpompae
ASV22	Fungi	Basidiomycota	Microbotryomycetes	Sporidiobolales	Sporidiobolaceae	Sporobolomyces	Sporobolomyces_ruberrimus
ASV220	Fungi	Basidiomycota	Tremellomycetes	Tremellales	Tremellaceae	Cryptococcus	Cryptococcus_sp
ASV221	Fungi	Basidiomycota					
ASV222	Fungi	Ascomycota	Dothideomycetes	Capnodiales			
ASV223	Fungi	Ascomycota	Sordariomycetes	Trichosphaeriales	Trichosphaeriales_Incertae_sedis	Khuskia	Khuskia
ASV226	Fungi						
ASV227	Fungi	Ascomycota					
ASV231	Fungi	Ascomycota	Dothideomycetes	Capnodiales	Teratosphaeriaceae	Devriesia	Devriesia_pseudoamericana
ASV232	Fungi	Ascomycota	Sordariomycetes	Hypocreales	Nectriaceae	Fusarium	
ASV233	Fungi	Ascomycota	Dothideomycetes	Capnodiales			
ASV236	Fungi	Ascomycota	Dothideomycetes	Pleosporales	Pleosporales_Incertae_sedis	Periconia	Periconia_sp
ASV238	Fungi	Basidiomycota	Microbotryomycetes	Sporidiobolales	Sporidiobolales_Incertae_sedis	Sporobolomyces	Sporobolomyces_ruber
ASV239	Fungi	Basidiomycota	Exobasidiomycetes	Exobasidiomycetidae_Incertae_sedis	Exobasidiomycetidae_Incertae_sedis	Tilletiopsis	Tilletiopsis_pallescens
ASV24	Fungi	Ascomycota	Dothideomycetes	Pleosporales	Phaeosphaeriaceae	Ascomycota_unidentified_1_1	
ASV240	Fungi	Ascomycota					
ASV241	Fungi	Basidiomycota	Tremellomycetes	Tremellales	Tremellaceae	Cryptococcus	Cryptococcus_sp
ASV242	Fungi	Basidiomycota	Microbotryomycetes	Sporidiobolales	Sporidiobolales_Incertae_sedis	Sporobolomyces	Sporobolomyces_ruber
ASV246	Fungi	Basidiomycota	Tremellomycetes	Tremellales	Tremellaceae	Cryptococcus	
ASV247	Fungi	Ascomycota	Dothideomycetes	Pleosporales	Pleosporaceae	Cochliobolus	Cochliobolus_sativus
ASV248	Fungi	Basidiomycota	Tremellomycetes	Tremellales	Tremellales_Incertae_sedis	Hannaella	Hannaella_zeae
ASV249	Fungi	Basidiomycota	Tremellomycetes	Tremellales	Tremellaceae	Cryptococcus	Cryptococcus_sp
ASV25	Fungi	Basidiomycota	Tremellomycetes	Cystofilobasidiales	Cystofilobasidiaceae	Udeniomyces	Udeniomyces_megalosporus
ASV250	Fungi	Ascomycota	Dothideomycetes	Pleosporales	Phaeosphaeriaceae	Ophiosphaerella	Ophiosphaerella_agrostis
ASV252	Fungi	Ascomycota					
ASV254	Fungi	Ascomycota	Dothideomycetes	Pleosporales	Lophiostomataceae	Lophiostoma	Lophiostoma_fuckelii
ASV256	Fungi	Basidiomycota	Tremellomycetes	Cystofilobasidiales	Cystofilobasidiaceae	Udeniomyces	Udeniomyces_megalosporus
ASV257	Fungi	Basidiomycota	Microbotryomycetes	Sporidiobolales	Sporidiobolales_Incertae_sedis	Sporobolomyces	
ASV258	Fungi	Basidiomycota	Ustilaginomycetes	Ustilaginales	Ustilaginaceae	Ustilago	
ASV259	Fungi	Ascomycota	Fungi_unidentified_1	Fungi_unidentified_1	Fungi_unidentified_1_1	Fungi_unidentified_1_1	Fungi_unidentified_1_1
ASV26	Fungi	Ascomycota	Dothideomycetes	Pleosporales	Phaeosphaeriaceae	Phaeosphaeria	Phaeosphaeria_sp
ASV260	Fungi	Ascomycota	Dothideomycetes	Pleosporales	Dothideomycetes_unidentified_1	Dothideomycetes_unidentified_1	Dothideomycetes_unidentified_1
ASV262	Fungi	Ascomycota	Dothideomycetes	Pleosporales	Pleosporaceae	Cochliobolus	Bipolaris_oryzae
ASV264	Fungi	Ascomycota	Dothideomycetes	Pleosporales	Montagnulaceae	Paraphaeosphaeria	Paraphaeosphaeria_michotii
ASV265	Fungi	Ascomycota	Dothideomycetes	Pleosporales	Pleosporales_Incertae_sedis	Phoma	Phoma_radicina
ASV266	Fungi	Ascomycota	Dothideomycetes	Capnodiales			
ASV267	Fungi	Ascomycota	Dothideomycetes	Capnodiales	Teratosphaeriaceae		
ASV268	Fungi	Ascomycota	Dothideomycetes	Pleosporales	Pleosporaceae	Cochliobolus	Cochliobolus_cynodontis
ASV269	Fungi	Ascomycota					
ASV27	Fungi	Basidiomycota	Microbotryomycetes	Sporidiobolales	Sporidiobolaceae	Sporidiobolus	Sporidiobolus_pararoseus
ASV270	Fungi	Ascomycota	Sordariomycetes	Hypocreales	Hypocreales_Incertae_sedis	Sarocladium	Sarocladium_kiliense
ASV271	Fungi	Ascomycota	Dothideomycetes	Dothideales	Dothioraceae	Kabatiella	Aureobasidium_sp
ASV272	Fungi	Ascomycota	Pezizomycotina_Incertae_sedis	Pezizomycotina_Incertae_sedis	Pezizomycotina_Incertae_sedis	Torula	Torula_caligans
ASV273	Fungi	Ascomycota	Dothideomycetes	Capnodiales	Mycosphaerellaceae	Cercospora	Cercospora_zeae_maydis
ASV274	Fungi	Basidiomycota	Cystobasidiomycetes	Erythrobasidiales	Erythrobasidiales_Incertae_sedis	Erythrobasidium	Erythrobasidium_hasegawianum
ASV275	Fungi	Ascomycota	Sordariomycetes	Hypocreales	Nectriaceae	Fusarium	Fusarium_avenaceum
ASV277	Fungi	Basidiomycota	Tremellomycetes	Tremellales	Tremellaceae	Cryptococcus	Cryptococcus_wieringae
ASV279	Fungi	Basidiomycota	Tremellomycetes	Tremellales	Tremellales_Incertae_sedis	Dioszegia	Dioszegia_takashimae
ASV28	Fungi	Ascomycota	Dothideomycetes	Capnodiales	Schizothyriaceae	Zygophiala	Zygophiala_sp
ASV280	Fungi	Ascomycota	Dothideomycetes	Pleosporales	Fungi_unidentified_1_1	Fungi_unidentified_1_1	Fungi_unidentified_1_1
ASV281	Fungi	Ascomycota					
ASV283	Fungi	Ascomycota	Dothideomycetes	Pleosporales	Pleosporaceae	Curvularia	Curvularia_trifolii
ASV284	Fungi	Ascomycota	Eurotiomycetes	Chaetothyriales	Chaetothyriales_Incertae_sedis	Strelitziana	Strelitziana_mali
ASV286	Fungi	Basidiomycota	Exobasidiomycetes	Exobasidiomycetidae_Incertae_sedis	Exobasidiomycetidae_Incertae_sedis	Tilletiopsis	Tilletiopsis_pallescens
ASV288	Fungi	Ascomycota					
ASV289	Fungi	Ascomycota	Taphrinomycetes	Taphrinales	Taphrinaceae	Taphrina	Taphrina_americana
ASV29	Fungi	Basidiomycota	Tremellomycetes	Tremellales	Tremellales_Incertae_sedis	Bulleromyces	Bulleromyces_albus
ASV290	Fungi	Ascomycota	Dothideomycetes	Capnodiales	Teratosphaeriaceae	Devriesia	Devriesia_pseudoamericana
ASV291	Fungi	Ascomycota	Dothideomycetes	Pleosporales	Pleosporaceae	Alternaria	Alternaria_longissima
ASV292	Fungi	Basidiomycota	Microbotryomycetes	Sporidiobolales	Sporidiobolaceae	Sporobolomyces	Sporobolomyces_ruberrimus
ASV294	Fungi	Ascomycota	Dothideomycetes	Pleosporales	Phaeosphaeriaceae		
ASV295	Fungi	Ascomycota	Dothideomycetes	Pleosporales			
ASV296	Fungi	Ascomycota	Dothideomycetes				
ASV297	Fungi	Ascomycota	Sordariomycetes	Trichosphaeriales	Trichosphaeriales_Incertae_sedis	Sordariomycetes_unidentified_1	Sordariomycetes_unidentified_1
ASV298	Fungi	Ascomycota					
ASV3	Fungi	Ascomycota	Dothideomycetes	Capnodiales	Mycosphaerellaceae	Davidiella	Davidiella_tassiana
ASV30	Fungi	Ascomycota	Dothideomycetes	Pleosporales	Phaeosphaeriaceae	Phaeosphaeria	Phaeosphaeria_oryzae
ASV300	Fungi	Basidiomycota					
ASV302	Fungi	Ascomycota	Dothideomycetes	Pleosporales	Ascomycota_unidentified_1	Ascomycota_unidentified_1_1	Ascomycota_unidentified_1_1
ASV304	Fungi	Ascomycota	Dothideomycetes	Pleosporales	Pleosporaceae	Cochliobolus	Bipolaris_zeicola
ASV306	Fungi	Basidiomycota	Microbotryomycetes	Sporidiobolales	Sporidiobolales_Incertae_sedis	Sporobolomyces	Sporobolomyces_vermiculatus
ASV307	Fungi	Ascomycota	Dothideomycetes	Capnodiales	Capnodiales_Incertae_sedis	Toxicocladosporium	Toxicocladosporium_pseudoveloxum
ASV308	Fungi						
ASV309	Fungi	Ascomycota	Dothideomycetes	Pleosporales	Phaeosphaeriaceae	Ascomycota_unidentified_1_1	Ascomycota_unidentified_1_1
ASV31	Fungi	Ascomycota	Dothideomycetes	Capnodiales	Mycosphaerellaceae	Mycosphaerella	Mycosphaerella_lateralis
ASV310	Fungi	Basidiomycota	Tremellomycetes	Tremellales	Tremellales_Incertae_sedis		
ASV311	Fungi	Basidiomycota	Tremellomycetes	Tremellales	Tremellaceae	Cryptococcus	Cryptococcus_sp
ASV312	Fungi	Basidiomycota					
ASV313	Fungi	Basidiomycota	Tremellomycetes	Tremellales	Tremellaceae	Cryptococcus	Cryptococcus_rajasthanensis
ASV314	Fungi	Ascomycota	Dothideomycetes	Capnodiales	Mycosphaerellaceae	Pseudocercospora	Pseudocercospora_dovyalidis
ASV315	Fungi	Basidiomycota	Tremellomycetes	Tremellales	Tremellaceae	Cryptococcus	Cryptococcus_sp
ASV316	Fungi	Ascomycota	Dothideomycetes	Pleosporales	Phaeosphaeriaceae	Phaeosphaeria	Phaeosphaeria_nodorum
ASV318	Fungi	Basidiomycota	Microbotryomycetes	Sporidiobolales	Sporidiobolales_Incertae_sedis	Rhodotorula	Rhodotorula_nothofagi
ASV319	Fungi	Basidiomycota	Tremellomycetes	Tremellales	Tremellaceae	Cryptococcus	Cryptococcus_flavus
ASV32	Fungi	Ascomycota					
ASV322	Fungi	Basidiomycota	Exobasidiomycetes	Exobasidiomycetidae_Incertae_sedis	Exobasidiomycetidae_Incertae_sedis	Tilletiopsis	Tilletiopsis_pallescens
ASV323	Fungi	Ascomycota	Sordariomycetes	Hypocreales	Hypocreales_Incertae_sedis	Acremonium	Acremonium_fusidioides
ASV325	Fungi	Basidiomycota	Tremellomycetes	Filobasidiales			
ASV326	Fungi	Basidiomycota	Tremellomycetes	Tremellales	Tremellaceae	Cryptococcus	Cryptococcus_victoriae
ASV327	Fungi						
ASV329	Fungi	Ascomycota	Eurotiomycetes	Chaetothyriales	Chaetothyriaceae	Cyphellophora	
ASV33	Fungi	Ascomycota	Dothideomycetes	Pleosporales	Phaeosphaeriaceae	Phaeosphaeria	Phaeosphaeria_sp
ASV333	Fungi	Ascomycota	Dothideomycetes	Capnodiales	Mycosphaerellaceae	Sphaerulina	Sphaerulina_pseudovirgaureae
ASV334	Fungi	Ascomycota					
ASV336	Fungi	Ascomycota	Sordariomycetes	Hypocreales	Hypocreales_Incertae_sedis	Myrothecium	Myrothecium_roridum
ASV338	Fungi	Ascomycota	Dothideomycetes	Pleosporales	Pleosporales_unidentified	Pleosporales_unidentified_1	Pleosporales_unidentified_1
ASV339	Fungi	Ascomycota	Eurotiomycetes	Chaetothyriales	Chaetothyriaceae	Cyphellophora	Cyphellophora_suttonii
ASV34	Fungi	Basidiomycota	Exobasidiomycetes	Entylomatales	Entylomataceae	Entyloma	Entyloma
ASV340	Fungi	Ascomycota	Dothideomycetes	Pleosporales	Phaeosphaeriaceae	Phaeosphaeria	Phaeosphaeria_oryzae
ASV341	Fungi	Ascomycota	Eurotiomycetes	Chaetothyriales	Chaetothyriaceae	Cyphellophora	
ASV342	Fungi	Ascomycota	Dothideomycetes	Capnodiales	Mycosphaerellaceae	Mycosphaerella	
ASV343	Fungi	Ascomycota	Dothideomycetes	Capnodiales	Mycosphaerellaceae	Dissoconium	Dissoconium_proteae
ASV344	Fungi	Ascomycota	Dothideomycetes	Pleosporales	Didymellaceae	Leptosphaerulina	Leptosphaerulina_chartarum
ASV346	Fungi	Ascomycota	Dothideomycetes	Capnodiales	Mycosphaerellaceae	Mycosphaerella	Mycosphaerella_sp
ASV347	Fungi	Ascomycota	Dothideomycetes	Pleosporales	Montagnulaceae	Paraphaeosphaeria	Paraphaeosphaeria_michotii
ASV348	Fungi	Basidiomycota	Tremellomycetes	Tremellales	Tremellales_Incertae_sedis	Hannaella	Hannaella_kunmingensis
ASV349	Fungi	Ascomycota	Dothideomycetes	Pleosporales	Fungi_unidentified_1_1	Fungi_unidentified_1_1	Fungi_unidentified_1_1
ASV35	Fungi	Basidiomycota	Tremellomycetes	Tremellales	Tremellales_Incertae_sedis	Hannaella	Hannaella_oryzae
ASV350	Fungi	Ascomycota	Taphrinomycetes	Taphrinales	Taphrinaceae	Lalaria	Lalaria_inositophila
ASV351	Fungi	Basidiomycota	Microbotryomycetes	Sporidiobolales	Sporidiobolales_Incertae_sedis	Sporobolomyces	Sporobolomyces_ruber
ASV352	Fungi	Ascomycota	Sordariomycetes	Sordariomycetidae_Incertae_sedis	Plectosphaerellaceae	Lectera	Lectera_colletotrichoides
ASV353	Fungi	Ascomycota	Eurotiomycetes	Chaetothyriales	Herpotrichiellaceae		
ASV354	Fungi	Basidiomycota	Tremellomycetes	Tremellales	Tremellaceae	Cryptococcus	Cryptococcus_macerans
ASV355	Fungi	Ascomycota	Dothideomycetes	Pleosporales	Phaeosphaeriaceae	Phaeosphaeria	Phaeosphaeria_sp
ASV356	Fungi	Ascomycota	Sordariomycetes	Sordariomycetidae_Incertae_sedis	Plectosphaerellaceae	Plectosphaerella	Plectosphaerella
ASV357	Fungi						
ASV36	Fungi	Basidiomycota	Tremellomycetes	Tremellales	Tremellaceae	Cryptococcus	Cryptococcus_magnus
ASV361	Fungi	Basidiomycota	Tremellomycetes	Tremellales	Tremellales_Incertae_sedis		
ASV364	Fungi	Ascomycota	Leotiomycetes	Helotiales	Helotiales_unidentified	Helotiales_unidentified_1	Helotiales_unidentified_1
ASV365	Fungi	Basidiomycota	Tremellomycetes	Tremellales	Tremellales_Incertae_sedis	Dioszegia	Dioszegia_takashimae
ASV367	Fungi	Ascomycota	Sordariomycetes	Hypocreales	Bionectriaceae	Bionectria	Bionectria_epichloe
ASV368	Fungi	Ascomycota	Sordariomycetes	Hypocreales	Nectriaceae	Fusarium	Fusarium_sporotrichioides
ASV369	Fungi	Ascomycota	Dothideomycetes	Pleosporales	Pleosporales_unidentified	Pleosporales_unidentified_1	Pleosporales_unidentified_1
ASV370	Fungi	Ascomycota	Eurotiomycetes	Chaetothyriales	Herpotrichiellaceae	Phaeococcomyces	Phaeococcomyces_sp
ASV371	Fungi	Ascomycota	Dothideomycetes	Capnodiales			
ASV372	Fungi	Ascomycota	Dothideomycetes	Pleosporales	Fungi_unidentified_1_1	Fungi_unidentified_1_1	Fungi_unidentified_1_1
ASV373	Fungi	Basidiomycota	Tremellomycetes	Tremellales	Tremellaceae	Cryptococcus	Cryptococcus_flavescens
ASV374	Fungi	Ascomycota	Sordariomycetes	Sordariomycetidae_Incertae_sedis	Plectosphaerellaceae	Gibellulopsis	Gibellulopsis_nigrescens
ASV375	Fungi	Ascomycota	Leotiomycetes	Erysiphales	Erysiphaceae	Blumeria	Blumeria_graminis
ASV38	Fungi	Ascomycota	Dothideomycetes	Capnodiales			
ASV380	Fungi	Ascomycota					
ASV382	Fungi	Ascomycota	Sordariomycetes	Hypocreales	Hypocreales_Incertae_sedis	Myrothecium	
ASV383	Fungi	Ascomycota	Dothideomycetes	Pleosporales	Phaeosphaeriaceae		
ASV384	Fungi	Ascomycota	Dothideomycetes	Pleosporales	Pleosporales_Incertae_sedis	Periconia	Periconia_sp
ASV387	Fungi	Ascomycota					
ASV388	Fungi	Ascomycota	Dothideomycetes	Pleosporales	Phaeosphaeriaceae		
ASV389	Fungi	Basidiomycota	Tremellomycetes	Tremellales	Tremellales_Incertae_sedis	Auriculibuller	Auriculibuller_fuscus
ASV39	Fungi	Ascomycota	Dothideomycetes	Capnodiales	Mycosphaerellaceae	Mycosphaerella	
ASV390	Fungi	Ascomycota	Dothideomycetes	Pleosporales	Phaeosphaeriaceae	Ascomycota_unidentified_1_1	Ascomycota_unidentified_1_1
ASV391	Fungi	Ascomycota	Dothideomycetes	Pleosporales	Pleosporaceae	Edenia	Edenia_gomezpompae
ASV392	Fungi	Basidiomycota	Tremellomycetes	Tremellales	Tremellaceae	Cryptococcus	Cryptococcus_dimennae
ASV393	Fungi	Basidiomycota	Microbotryomycetes	Leucosporidiales	Leucosporidiaceae	Leucosporidiella	Leucosporidiella_fragaria
ASV394	Fungi	Basidiomycota	Tremellomycetes	Tremellales	Tremellaceae	Cryptococcus	Cryptococcus_luteolus
ASV397	Fungi	Ascomycota					
ASV398	Fungi	Ascomycota	Dothideomycetes	Capnodiales			
ASV40	Fungi	Basidiomycota	Microbotryomycetes	Sporidiobolales	Sporidiobolaceae	Sporobolomyces	Sporobolomyces_ruberrimus
ASV400	Fungi	Ascomycota	Dothideomycetes	Pleosporales	Pleosporaceae	Cochliobolus	Cochliobolus_lunatus
ASV402	Fungi	Ascomycota	Taphrinomycetes	Taphrinales	Taphrinaceae	Taphrina	Taphrina_confusa
ASV403	Fungi	Ascomycota	Dothideomycetes	Pleosporales	Phaeosphaeriaceae	Phaeosphaeria	Phaeosphaeria_oryzae
ASV404	Fungi	Ascomycota					
ASV405	Fungi	Basidiomycota	Tremellomycetes	Tremellales	Tremellales_Incertae_sedis	Cryptococcus	Cryptococcus_amylolyticus
ASV406	Fungi	Ascomycota	Dothideomycetes	Capnodiales	Teratosphaeriaceae		
ASV41	Fungi	Basidiomycota	Tremellomycetes	Tremellales	Tremellaceae	Cryptococcus	Cryptococcus_luteolus
ASV412	Fungi	Basidiomycota	Tremellomycetes	Tremellales	Tremellaceae	Cryptococcus	Cryptococcus_tephrensis
ASV413	Fungi	Ascomycota					
ASV415	Fungi	Ascomycota	Dothideomycetes	Pleosporales			
ASV416	Fungi						
ASV417	Fungi	Ascomycota	Dothideomycetes	Capnodiales	Schizothyriaceae	Zygophiala	Zygophiala_wisconsinensis
ASV418	Fungi	Basidiomycota	Exobasidiomycetes	Exobasidiomycetidae_Incertae_sedis	Exobasidiomycetidae_Incertae_sedis	Tilletiopsis	Tilletiopsis_pallescens
ASV42	Fungi	Basidiomycota	Tremellomycetes	Tremellales	Tremellales_Incertae_sedis	Hannaella	Hannaella_zeae
ASV422	Fungi	Basidiomycota	Tremellomycetes	Tremellales	Tremellales_Incertae_sedis	Bullera	Bullera_variabilis
ASV424	Fungi	Basidiomycota	Tremellomycetes				
ASV427	Fungi	Ascomycota	Dothideomycetes	Pleosporales	Pleosporaceae	Alternaria	Alternaria_metachromatica
ASV428	Fungi	Basidiomycota	Tremellomycetes	Tremellales	Tremellaceae	Cryptococcus	Cryptococcus_luteolus
ASV43	Fungi	Ascomycota	Dothideomycetes	Pleosporales	Pleosporaceae	Dothideomycetes_unidentified_1	Dothideomycetes_unidentified_1
ASV432	Fungi	Basidiomycota	Cystobasidiomycetes	Erythrobasidiales	Erythrobasidiales_Incertae_sedis	Erythrobasidium	Erythrobasidium_hasegawianum
ASV434	Fungi						
ASV436	Fungi	Ascomycota	Sordariomycetes	Xylariales	Hyponectriaceae	Microdochium	Microdochium_bolleyi
ASV437	Fungi	Ascomycota	Eurotiomycetes	Chaetothyriales	Herpotrichiellaceae	Phaeococcomyces	Phaeococcomyces_sp
ASV438	Fungi	Ascomycota	Dothideomycetes	Pleosporales	Pleosporaceae	Pleospora	Pleospora_alfalfae
ASV439	Fungi	Ascomycota	Taphrinomycetes	Taphrinales	Taphrinaceae	Lalaria	Lalaria_carpini
ASV44	Fungi	Basidiomycota	Exobasidiomycetes	Exobasidiomycetes_unidentified	Exobasidiomycetes_unidentified_1	Exobasidiomycetes_unidentified_1	Exobasidiomycetes_unidentified_1
ASV441	Fungi						
ASV443	Fungi	Ascomycota	Dothideomycetes	Pleosporales	Fungi_unidentified_1_1	Fungi_unidentified_1_1	Fungi_unidentified_1_1
ASV444	Fungi						
ASV445	Fungi	Ascomycota					
ASV447	Fungi	Ascomycota	Dothideomycetes	Capnodiales	Mycosphaerellaceae	Ramichloridium	Ramichloridium_cerophilum
ASV448	Fungi	Ascomycota	Dothideomycetes	Pleosporales	Montagnulaceae	Paraphaeosphaeria	Paraphaeosphaeria_michotii
ASV449	Fungi	Basidiomycota	Agaricostilbomycetes	Agaricostilbales	Agaricostilbaceae	Bensingtonia	Bensingtonia_miscanthi
ASV45	Fungi						
ASV450	Fungi	Ascomycota	Dothideomycetes	Pleosporales	Pleosporales_unidentified	Pleosporales_unidentified_1	Pleosporales_unidentified_1
ASV451	Fungi	Ascomycota					
ASV453	Fungi	Basidiomycota	Tremellomycetes	Tremellales	Tremellales_unidentified	Tremellales_unidentified_1	Tremellales_unidentified_1
ASV455	Fungi	Ascomycota	Dothideomycetes	Capnodiales	Mycosphaerellaceae	Dissoconium	
ASV456	Fungi	Ascomycota	Dothideomycetes	Capnodiales	Mycosphaerellaceae	Fungi_unidentified_1_1	Fungi_unidentified_1_1
ASV46	Fungi	Ascomycota	Dothideomycetes	Pleosporales	Pleosporaceae	Epicoccum	Epicoccum_sorghi
ASV461	Fungi	Ascomycota	Dothideomycetes	Capnodiales	Mycosphaerellaceae	Mycosphaerella	
ASV462	Fungi	Basidiomycota	Cystobasidiomycetes	Erythrobasidiales	Erythrobasidiales_Incertae_sedis	Erythrobasidium	Sporobolomyces_yunnanensis
ASV466	Fungi	Basidiomycota	Tremellomycetes	Tremellales	Tremellales_Incertae_sedis	Dioszegia	Dioszegia_changbaiensis
ASV468	Fungi	Basidiomycota	Tremellomycetes	Filobasidiales	Filobasidiaceae	Filobasidium	Filobasidium_floriforme
ASV469	Fungi	Basidiomycota	Tremellomycetes	Tremellales	Tremellaceae	Cryptococcus	Cryptococcus_sp
ASV47	Fungi	Basidiomycota	Tremellomycetes	Tremellales	Tremellales_Incertae_sedis	Bullera	Cryptococcus_cellulolyticus
ASV471	Fungi	Basidiomycota	Microbotryomycetes	Sporidiobolales	Sporidiobolales_Incertae_sedis	Rhodotorula	Rhodotorula_ingeniosa
ASV473	Fungi	Ascomycota	Taphrinomycetes	Taphrinales	Taphrinaceae	Lalaria	Lalaria_inositophila
ASV476	Fungi	Ascomycota	Dothideomycetes	Pleosporales			
ASV477	Fungi	Basidiomycota	Ustilaginomycetes	Ustilaginales	Ustilaginaceae	Ustilago	
ASV478	Fungi	Ascomycota	Dothideomycetes	Pleosporales	Lophiostomataceae	Tetraploa	Tetraploa_aristata
ASV48	Fungi	Ascomycota	Dothideomycetes	Capnodiales	Mycosphaerellaceae	Mycosphaerella	
ASV480	Fungi	Chytridiomycota	Chytridiomycetes	Spizellomycetales	Spizellomycetaceae	Spizellomyces	
ASV481	Fungi	Ascomycota	Dothideomycetes	Capnodiales	Mycosphaerellaceae	Mycosphaerella	Mycosphaerella_nyssicola
ASV482	Fungi	Ascomycota	Dothideomycetes	Capnodiales	Mycosphaerellaceae	Mycosphaerella	Mycosphaerella
ASV483	Fungi	Ascomycota	Eurotiomycetes	Chaetothyriales	Chaetothyriales_Incertae_sedis	Strelitziana	Strelitziana_mali
ASV486	Fungi	Ascomycota	Sordariomycetes	Xylariales	Hyponectriaceae	Microdochium	Microdochium_bolleyi
ASV487	Fungi	Ascomycota	Leotiomycetes	Helotiales	Sclerotiniaceae	Botryotinia	Botrytis_caroliniana
ASV488	Fungi	Ascomycota					
ASV49	Fungi	Ascomycota	Dothideomycetes	Pleosporales	Didymellaceae	Leptosphaerulina	Leptosphaerulina_chartarum
ASV491	Fungi	Ascomycota	Dothideomycetes	Pleosporales	Lophiostomataceae	Lophiostoma	
ASV492	Fungi	Basidiomycota	Tremellomycetes	Tremellales	Tremellales_Incertae_sedis	Kockovaella	
ASV493	Fungi	Ascomycota	Dothideomycetes	Capnodiales	Schizothyriaceae	Zygophiala	Zygophiala_sp
ASV494	Fungi	Ascomycota	Dothideomycetes	Pleosporales	Lophiostomataceae	Lophiostoma	Lophiostoma_fuckelii
ASV496	Fungi	Ascomycota	Dothideomycetes	Pleosporales	Phaeosphaeriaceae		
ASV497	Fungi	Ascomycota	Dothideomycetes	Pleosporales	Pleosporales_unidentified	Pleosporales_unidentified_1	Pleosporales_unidentified_1
ASV498	Fungi	Basidiomycota	Agaricostilbomycetes	Agaricostilbales	Chionosphaeraceae	Kurtzmanomyces	
ASV499	Fungi	Ascomycota	Dothideomycetes	Pleosporales	Phaeosphaeriaceae	Phaeosphaeria	Phaeosphaeria_sp
ASV50	Fungi	Ascomycota	Dothideomycetes	Pleosporales	Pleosporaceae	Dothideomycetes_unidentified_1	Dothideomycetes_unidentified_1
ASV503	Fungi	Ascomycota	Dothideomycetes	Pleosporales	Pleosporaceae	Cochliobolus	Cochliobolus_intermedius
ASV506	Fungi	Ascomycota	Dothideomycetes	Pleosporales	Montagnulaceae	Paraphaeosphaeria	Paraphaeosphaeria_michotii
ASV507	Fungi	Ascomycota	Sordariomycetes	Xylariales	Amphisphaeriaceae	Pestalotiopsis	Pestalotiopsis_aquatica
ASV509	Fungi	Basidiomycota	Tremellomycetes	Tremellales	Tremellales_Incertae_sedis	Cryptococcus	Cryptococcus_taibaiensis
ASV51	Fungi	Ascomycota	Dothideomycetes	Pleosporales	Phaeosphaeriaceae	Phaeosphaeria	Phaeosphaeria_oryzae
ASV510	Fungi	Ascomycota	Dothideomycetes	Capnodiales	Mycosphaerellaceae	Sphaerulina	Sphaerulina_pseudovirgaureae
ASV511	Fungi	Ascomycota	Dothideomycetes	Pleosporales	Phaeosphaeriaceae		
ASV513	Fungi	Basidiomycota	Ustilaginomycetes	Ustilaginales	Ustilaginaceae	Pseudozyma	Pseudozyma_tsukubaensis
ASV515	Fungi	Ascomycota	Sordariomycetes	Trichosphaeriales	Trichosphaeriales_Incertae_sedis	Khuskia	Khuskia
ASV516	Fungi	Ascomycota					
ASV52	Fungi	Ascomycota	Sordariomycetes	Hypocreales	Nectriaceae	Fusarium	Fusarium_sp
ASV520	Fungi	Ascomycota	Dothideomycetes	Pleosporales	Leptosphaeriaceae	Paraphoma	Paraphoma_chrysanthemicola
ASV522	Fungi	Ascomycota	Sordariomycetes	Xylariales	Xylariales_Incertae_sedis	Dinemasporium	Dinemasporium_strigosum
ASV523	Fungi	Ascomycota					
ASV524	Fungi	Ascomycota					
ASV525	Fungi	Ascomycota	Sordariomycetes	Sordariomycetidae_Incertae_sedis	Glomerellaceae	Glomerella	
ASV527	Fungi	Ascomycota	Taphrinomycetes	Taphrinales	Taphrinaceae	Taphrina	Taphrina_confusa
ASV528	Fungi	Ascomycota	Taphrinomycetes	Taphrinales	Taphrinaceae	Lalaria	Lalaria_inositophila
ASV531	Fungi	Ascomycota	Leotiomycetes	Helotiales	Helotiales_unidentified	Helotiales_unidentified_1	Helotiales_unidentified_1
ASV532	Fungi	Ascomycota	Dothideomycetes	Pleosporales	Pleosporaceae	Cochliobolus	Bipolaris_spicifera
ASV534	Fungi	Basidiomycota	Cystobasidiomycetes	Cystobasidiales	Cystobasidiaceae	Occultifur	Occultifur_externus
ASV536	Fungi	Basidiomycota	Microbotryomycetes	Sporidiobolales	Sporidiobolales_Incertae_sedis	Rhodotorula	Rhodotorula_nothofagi
ASV538	Fungi	Ascomycota					
ASV539	Fungi	Ascomycota	Leotiomycetes	Helotiales	Sclerotiniaceae	Botryotinia	Botrytis_caroliniana
ASV54	Fungi	Ascomycota	Dothideomycetes	Pleosporales	Didymellaceae		
ASV540	Fungi	Ascomycota	Sordariomycetes	Hypocreales	Nectriaceae	Fusarium	Fusarium_kyushuense
ASV542	Fungi	Basidiomycota	Agaricomycetes				
ASV544	Fungi	Ascomycota					
ASV546	Fungi	Ascomycota	Sordariomycetes	Trichosphaeriales	Trichosphaeriales_Incertae_sedis		
ASV549	Fungi	Ascomycota	Dothideomycetes	Pleosporales	Phaeosphaeriaceae	Dothideomycetes_unidentified_1	Dothideomycetes_unidentified_1
ASV55	Fungi	Ascomycota	Dothideomycetes	Pleosporales	Phaeosphaeriaceae	Phaeosphaeria	Phaeosphaeria_sp
ASV551	Fungi	Ascomycota	Eurotiomycetes	Eurotiales	Trichocomaceae	Aspergillus	Aspergillus_flavus
ASV552	Fungi	Basidiomycota	Tremellomycetes	Tremellales	Tremellales_Incertae_sedis	Bullera	Bullera_variabilis
ASV553	Fungi	Ascomycota					
ASV555	Fungi	Basidiomycota					
ASV556	Fungi	Ascomycota	Dothideomycetes	Capnodiales	Mycosphaerellaceae	Colletogloeum	Colletogloeum_sp
ASV557	Fungi	Ascomycota	Dothideomycetes	Pleosporales	Ascomycota_unidentified_1	Ascomycota_unidentified_1_1	Ascomycota_unidentified_1_1
ASV56	Fungi	Ascomycota	Dothideomycetes	Pleosporales	Phaeosphaeriaceae	Phaeosphaeria	Phaeosphaeria_oryzae
ASV561	Fungi	Ascomycota	Dothideomycetes	Pleosporales	Pleosporales_unidentified	Pleosporales_unidentified_1	Pleosporales_unidentified_1
ASV562	Fungi	Ascomycota	Eurotiomycetes	Chaetothyriales	Chaetothyriales_Incertae_sedis	Strelitziana	Strelitziana_albiziae
ASV563	Fungi	Ascomycota	Eurotiomycetes	Chaetothyriales	Chaetothyriaceae	Cyphellophora	
ASV564	Fungi	Ascomycota	Dothideomycetes	Pleosporales	Pleosporaceae	Cochliobolus	Cochliobolus_intermedius
ASV565	Fungi	Ascomycota	Dothideomycetes	Pleosporales	Phaeosphaeriaceae	Pleosporales_unidentified_1	Pleosporales_unidentified_1
ASV566	Fungi	Ascomycota	Dothideomycetes	Capnodiales	Capnodiales_Incertae_sedis	Toxicocladosporium	Toxicocladosporium_pseudoveloxum
ASV568	Fungi	Ascomycota					
ASV569	Fungi	Basidiomycota	Exobasidiomycetes	Entylomatales	Entylomataceae	Entyloma	
ASV57	Fungi	Basidiomycota	Tremellomycetes	Tremellales	Tremellales_Incertae_sedis	Dioszegia	Dioszegia_zsoltii
ASV570	Fungi	Ascomycota	Dothideomycetes	Botryosphaeriales			
ASV577	Fungi	Ascomycota	Dothideomycetes	Pleosporales			
ASV578	Fungi	Basidiomycota	Microbotryomycetes	Sporidiobolales	Sporidiobolales_Incertae_sedis	Rhodotorula	Rhodotorula_sp
ASV579	Fungi	Basidiomycota	Tremellomycetes	Tremellales	Tremellaceae	Cryptococcus	Cryptococcus_tephrensis
ASV58	Fungi	Ascomycota	Dothideomycetes	Pleosporales	Pleosporales_Incertae_sedis	Leptospora	Leptospora_rubella
ASV580	Fungi	Basidiomycota	Agaricomycetes				
ASV581	Fungi						
ASV585	Fungi						
ASV587	Fungi	Basidiomycota	Ustilaginomycetes	Ustilaginales	Ustilaginaceae	Ustilago	Ustilago_bullata
ASV588	Fungi	Basidiomycota	Exobasidiomycetes	Entylomatales	Entylomataceae	Entyloma	Entyloma
ASV59	Fungi	Ascomycota	Sordariomycetes	Xylariales	Hyponectriaceae	Microdochium	Microdochium_albescens
ASV590	Fungi	Ascomycota					
ASV591	Fungi	Ascomycota	Dothideomycetes	Pleosporales	Pleosporales_unidentified	Pleosporales_unidentified_1	Pleosporales_unidentified_1
ASV595	Fungi	Basidiomycota	Tremellomycetes	Cystofilobasidiales	Cystofilobasidiaceae	Itersonilia	Itersonilia_perplexans
ASV596	Fungi	Ascomycota	Sordariomycetes	Xylariales	Hyponectriaceae	Microdochium	Microdochium_majus
ASV598	Fungi	Basidiomycota	Tremellomycetes	Tremellales	Tremellaceae	Cryptococcus	Cryptococcus_laurentii
ASV599	Fungi	Basidiomycota	Cystobasidiomycetes	Erythrobasidiales	Erythrobasidiales_Incertae_sedis	Erythrobasidium	Erythrobasidium_hasegawianum
ASV6	Fungi	Ascomycota	Dothideomycetes	Capnodiales	Mycosphaerellaceae	Dissoconium	Dissoconium_sp
ASV60	Fungi	Ascomycota	Dothideomycetes				
ASV600	Fungi	Ascomycota	Ascomycota_unidentified	Ascomycota_unidentified_1	Ascomycota_unidentified_1	Ascomycota_unidentified_1_1	Ascomycota_unidentified_1_1
ASV601	Fungi	Ascomycota	Eurotiomycetes	Eurotiales	Trichocomaceae	Penicillium	Penicillium_oxalicum
ASV602	Fungi	Ascomycota	Sordariomycetes	Hypocreales	Clavicipitaceae	Claviceps	Claviceps_purpurea
ASV603	Fungi	Ascomycota	Dothideomycetes	Capnodiales	Mycosphaerellaceae	Dissoconium	Dissoconium_aciculare
ASV605	Fungi	Ascomycota	Eurotiomycetes	Chaetothyriales	Herpotrichiellaceae	Phialophora	Phialophora_sessilis
ASV607	Fungi	Ascomycota	Dothideomycetes	Capnodiales	Mycosphaerellaceae	Ramichloridium	Ramichloridium_cerophilum
ASV608	Fungi	Ascomycota	Taphrinomycetes	Taphrinales	Taphrinaceae	Taphrina	Taphrina_carpini
ASV61	Fungi	Basidiomycota	Microbotryomycetes	Sporidiobolales	Sporidiobolales_Incertae_sedis	Sporobolomyces	Sporobolomyces_coprosmae
ASV612	Fungi	Ascomycota	Dothideomycetes	Pleosporales	Lophiostomataceae	Massarina	Massarina_igniaria
ASV614	Fungi	Basidiomycota	Ustilaginomycetes	Ustilaginales	Ustilaginaceae	Ustilago	Ustilago_trichophora
ASV616	Fungi	Ascomycota					
ASV617	Fungi	Ascomycota	Dothideomycetes	Pleosporales	Pleosporales_Incertae_sedis	Wojnowicia	Wojnowicia_viburni
ASV618	Fungi	Ascomycota	Dothideomycetes	Capnodiales			
ASV619	Fungi	Ascomycota	Dothideomycetes	Pleosporales	Pleosporaceae	Cochliobolus	Bipolaris_spicifera
ASV620	Fungi	Basidiomycota	Ustilaginomycetes	Ustilaginales	Ustilaginaceae		
ASV621	Fungi	Ascomycota	Dothideomycetes	Capnodiales			
ASV622	Fungi	Basidiomycota	Cystobasidiomycetes	Erythrobasidiales	Erythrobasidiales_Incertae_sedis	Erythrobasidium	Erythrobasidium_hasegawianum
ASV624	Fungi						
ASV625	Fungi	Basidiomycota	Microbotryomycetes	Sporidiobolales	Sporidiobolales_Incertae_sedis	Sporobolomyces	Sporobolomyces_sasicola
ASV628	Fungi	Ascomycota	Dothideomycetes	Pleosporales	Pleosporaceae	Cochliobolus	Cochliobolus_pallescens
ASV63	Fungi	Ascomycota	Sordariomycetes	Hypocreales	Nectriaceae	Fusarium	Fusarium_equiseti
ASV631	Fungi	Ascomycota	Dothideomycetes	Pleosporales			
ASV632	Fungi	Ascomycota	Dothideomycetes	Dothideomycetes_Incertae_sedis	Dothideomycetes_Incertae_sedis	Peltaster	Peltaster_fructicola
ASV635	Fungi	Ascomycota	Dothideomycetes	Pleosporales	Phaeosphaeriaceae	Phaeosphaeria	Phaeosphaeria_phragmitis
ASV636	Fungi	Basidiomycota	Tremellomycetes	Tremellales	Tremellales_Incertae_sedis	Dioszegia	
ASV637	Fungi	Ascomycota	Sordariomycetes	Sordariomycetidae_Incertae_sedis	Glomerellaceae	Glomerella	Glomerella_magna
ASV638	Fungi	Ascomycota	Dothideomycetes	Capnodiales	Mycosphaerellaceae		
ASV639	Fungi	Ascomycota	Leotiomycetes	Ascomycota_unidentified_1	Ascomycota_unidentified_1	Ascomycota_unidentified_1_1	Ascomycota_unidentified_1_1
ASV64	Fungi	Ascomycota	Dothideomycetes	Pleosporales	Phaeosphaeriaceae	Phaeosphaeria	Phaeosphaeria_sp
ASV640	Fungi	Ascomycota	Dothideomycetes	Capnodiales	Teratosphaeriaceae		
ASV643	Fungi	Basidiomycota	Tremellomycetes	Tremellales	Tremellales_Incertae_sedis	Cryptococcus	Cryptococcus_sp
ASV644	Fungi	Ascomycota	Dothideomycetes	Pleosporales	Phaeosphaeriaceae	Stagonospora	Stagonospora_pseudovitensis
ASV645	Fungi	Ascomycota	Dothideomycetes				
ASV648	Fungi	Basidiomycota	Agaricomycetes	Agaricales	Mycenaceae	Panellus	
ASV649	Fungi	Ascomycota	Dothideomycetes	Capnodiales			
ASV65	Fungi	Basidiomycota	Tremellomycetes	Tremellales	Tremellales_Incertae_sedis	Bullera	Bullera_penniseticola
ASV650	Fungi	Ascomycota	Dothideomycetes	Capnodiales	Schizothyriaceae	Zygophiala	Zygophiala_pomi
ASV652	Fungi	Ascomycota	Dothideomycetes	Pleosporales	Pleosporaceae	Cochliobolus	Cochliobolus_heterostrophus
ASV656	Fungi	Ascomycota	Dothideomycetes	Pleosporales	Pleosporaceae	Alternaria	Alternaria_metachromatica
ASV657	Fungi	Ascomycota	Dothideomycetes	Dothideomycetes_Incertae_sedis	Dothideomycetes_Incertae_sedis	Leptospora	Leptospora_rubella
ASV66	Fungi	Ascomycota	Dothideomycetes	Pleosporales	Phaeosphaeriaceae	Phaeosphaeria	Phaeosphaeria_sp
ASV661	Fungi	Ascomycota	Sordariomycetes	Hypocreales	Hypocreales_Incertae_sedis	Stachybotrys	Stachybotrys_sp
ASV663	Fungi	Basidiomycota	Agaricomycetes	Agaricales	Strophariaceae	Psilocybe	Psilocybe_montana
ASV666	Fungi						
ASV667	Fungi	Basidiomycota	Agaricomycetes				
ASV669	Fungi	Basidiomycota	Microbotryomycetes	Sporidiobolales	Sporidiobolales_Incertae_sedis	Rhodotorula	Rhodotorula_nothofagi
ASV67	Fungi	Basidiomycota	Cystobasidiomycetes	Erythrobasidiales	Erythrobasidiales_Incertae_sedis	Erythrobasidium	Sporobolomyces_yunnanensis
ASV670	Fungi	Ascomycota	Dothideomycetes	Pleosporales	Pleosporaceae	Curvularia	
ASV672	Fungi	Ascomycota	Dothideomycetes	Dothideomycetes_Incertae_sedis	Dothideomycetes_Incertae_sedis	Rhizopycnis	Rhizopycnis_vagum
ASV673	Fungi	Ascomycota	Dothideomycetes	Capnodiales	Schizothyriaceae	Zygophiala	Zygophiala_wisconsinensis
ASV675	Fungi	Ascomycota	Dothideomycetes	Pleosporales			
ASV678	Fungi	Basidiomycota	Ustilaginomycetes	Ustilaginales	Ustilaginaceae	Sporisorium	
ASV68	Fungi						
ASV680	Fungi	Ascomycota					
ASV682	Fungi	Ascomycota	Dothideomycetes	Capnodiales	Mycosphaerellaceae	Sphaerulina	Sphaerulina_pseudovirgaureae
ASV686	Fungi	Basidiomycota	Microbotryomycetes	Leucosporidiales	Leucosporidiaceae	Leucosporidiella	Leucosporidiella_fragaria
ASV688	Fungi	Ascomycota					
ASV689	Fungi	Ascomycota	Dothideomycetes	Pleosporales	Lophiostomataceae	Lophiostoma	Lophiostoma_semiliberum
ASV69	Fungi	Ascomycota	Dothideomycetes	Pleosporales	Pleosporaceae	Dothideomycetes_unidentified_1	Dothideomycetes_unidentified_1
ASV691	Fungi	Ascomycota	Dothideomycetes	Dothideomycetes_unidentified	Dothideomycetes_unidentified_1	Dothideomycetes_unidentified_1	
ASV692	Fungi	Ascomycota	Sordariomycetes	Hypocreales	Hypocreales_Incertae_sedis	Acremonium	Acremonium_implicatum
ASV693	Fungi	Basidiomycota	Exobasidiomycetes	Tilletiales	Tilletiaceae	Tilletia	Tilletia_moliniae
ASV698	Fungi	Basidiomycota	Tremellomycetes	Tremellales	Tremellaceae	Cryptococcus	Cryptococcus_albidus
ASV699	Fungi	Ascomycota	Eurotiomycetes	Chaetothyriales	Chaetothyriaceae	Cyphellophora	
ASV7	Fungi	Ascomycota	Dothideomycetes	Pleosporales	Pleosporales_Incertae_sedis	Phoma	Phoma_brasiliensis
ASV70	Fungi	Basidiomycota	Ustilaginomycetes	Ustilaginales	Ustilaginaceae	Pseudozyma	Pseudozyma_sp
ASV700	Fungi	Basidiomycota	Tremellomycetes	Tremellales	Tremellales_Incertae_sedis	Cryptococcus	Cryptococcus_sp
ASV705	Fungi	Ascomycota	Dothideomycetes	Pleosporales	Leptosphaeriaceae	Coniothyrium	Coniothyrium_sidae
ASV710	Fungi	Basidiomycota					
ASV711	Fungi						
ASV713	Fungi	Ascomycota	Eurotiomycetes	Chaetothyriales	Chaetothyriales_unidentified	Chaetothyriales_unidentified_1	
ASV718	Fungi	Ascomycota	Dothideomycetes	Pleosporales	Phaeosphaeriaceae		
ASV719	Fungi	Basidiomycota	Tremellomycetes	Tremellales	Tremellaceae	Cryptococcus	Cryptococcus_flavescens
ASV72	Fungi	Ascomycota	Sordariomycetes	Hypocreales	Nectriaceae	Fusarium	Fusarium_cerealis
ASV720	Fungi	Ascomycota	Eurotiomycetes	Chaetothyriales			
ASV721	Fungi	Basidiomycota	Tremellomycetes	Tremellales	Tremellales_Incertae_sedis	Bullera	Bullera_variabilis
ASV722	Fungi	Ascomycota	Dothideomycetes	Pleosporales	Pleosporales_Incertae_sedis	Periconia	Periconia_sp
ASV724	Fungi	Basidiomycota	Agaricomycetes	Auriculariales	Auriculariales_Incertae_sedis	Exidia	Exidia_glandulosa
ASV727	Fungi	Basidiomycota					
ASV728	Fungi	Ascomycota	Dothideomycetes	Capnodiales	Schizothyriaceae	Zygophiala	Zygophiala_pomi
ASV729	Fungi	Ascomycota					
ASV73	Fungi	Ascomycota	Dothideomycetes	Capnodiales			
ASV731	Fungi	Ascomycota	Dothideomycetes	Capnodiales	Teratosphaeriaceae	Penidiella	Penidiella_sp
ASV733	Fungi	Ascomycota	Dothideomycetes	Pleosporales	Montagnulaceae	Paraphaeosphaeria	Paraphaeosphaeria_michotii
ASV74	Fungi	Ascomycota	Dothideomycetes	Capnodiales	Mycosphaerellaceae	Davidiella	Davidiella_tassiana
ASV749	Fungi	Ascomycota	Dothideomycetes	Pleosporales	Lophiostomataceae	Tetraploa	Tetraploa_aristata
ASV75	Fungi	Ascomycota	Dothideomycetes	Dothideomycetes_Incertae_sedis	Dothideomycetes_Incertae_sedis	Leptospora	Leptospora_rubella
ASV752	Fungi	Ascomycota	Dothideomycetes				
ASV758	Fungi						
ASV759	Fungi	Basidiomycota	Agaricomycetes	Russulales	Stereaceae	Stereum	Stereum_hirsutum
ASV76	Fungi	Ascomycota	Dothideomycetes	Dothideales	Dothioraceae	Kabatiella	
ASV761	Fungi	Ascomycota	Dothideomycetes	Pleosporales	Leptosphaeriaceae	Paraphoma	Paraphoma_chrysanthemicola
ASV762	Fungi	Ascomycota	Dothideomycetes	Pleosporales	Didymellaceae	Leptosphaerulina	Leptosphaerulina_chartarum
ASV77	Fungi	Basidiomycota	Tremellomycetes	Tremellales	Tremellaceae	Cryptococcus	Cryptococcus_victoriae
ASV770	Fungi	Ascomycota	Dothideomycetes	Pleosporales	Pleosporales_Incertae_sedis	Leptospora	Leptospora_rubella
ASV774	Fungi	Ascomycota	Dothideomycetes	Pleosporales	Pleosporaceae	Curvularia	
ASV779	Fungi	Basidiomycota	Tremellomycetes	Tremellales	Tremellales_Incertae_sedis	Cryptococcus	Cryptococcus_sp
ASV78	Fungi	Basidiomycota	Tremellomycetes	Tremellales	Tremellales_Incertae_sedis	Hannaella	Hannaella_coprosmaensis
ASV780	Fungi	Ascomycota	Dothideomycetes	Pleosporales	Leptosphaeriaceae	Paraphoma	Paraphoma_chrysanthemicola
ASV781	Fungi	Basidiomycota	Microbotryomycetes	Sporidiobolales	Sporidiobolales_Incertae_sedis	Rhodosporidium	Rhodosporidium_azoricum
ASV784	Fungi	Basidiomycota	Agaricomycetes	Polyporales	Polyporaceae	Trichaptum	Trichaptum_biforme
ASV786	Fungi	Basidiomycota	Agaricomycetes	Agaricomycetes_unidentified	Agaricomycetes_unidentified_1	Agaricomycetes_unidentified_1	Agaricomycetes_unidentified_1
ASV788	Fungi	Ascomycota	Dothideomycetes	Capnodiales	Teratosphaeriaceae		
ASV79	Fungi	Basidiomycota	Tremellomycetes	Tremellales	Tremellales_Incertae_sedis	Bullera	Bullera_variabilis
ASV793	Fungi	Ascomycota	Dothideomycetes	Capnodiales	Mycosphaerellaceae	Mycosphaerella	Mycosphaerella
ASV794	Fungi	Ascomycota	Dothideomycetes	Pleosporales	Montagnulaceae	Paraconiothyrium	
ASV8	Fungi	Ascomycota	Dothideomycetes	Pleosporales	Pleosporaceae	Alternaria	Alternaria_alternata
ASV80	Fungi	Basidiomycota	Tremellomycetes	Tremellales	Tremellales_Incertae_sedis	Hannaella	Hannaella_coprosmaensis
ASV801	Fungi	Ascomycota	Eurotiomycetes	Chaetothyriales	Chaetothyriales_Incertae_sedis	Strelitziana	Strelitziana_africana
ASV804	Fungi	Ascomycota	Dothideomycetes	Pleosporales	Pleosporaceae	Cochliobolus	Cochliobolus_pallescens
ASV806	Fungi	Ascomycota	Sordariomycetes	Hypocreales	Bionectriaceae	Bionectria	Bionectria_epichloe
ASV808	Fungi	Ascomycota	Ascomycota_unidentified	Ascomycota_unidentified_1	Ascomycota_unidentified_1	Ascomycota_unidentified_1_1	Ascomycota_unidentified_1_1
ASV81	Fungi	Ascomycota	Dothideomycetes	Pleosporales	Phaeosphaeriaceae	Phaeosphaeria	Phaeosphaeria_oryzae
ASV811	Fungi	Ascomycota	Dothideomycetes	Pleosporales	Pleosporaceae	Cochliobolus	Bipolaris_microstegii
ASV817	Fungi	Ascomycota	Sordariomycetes	Sordariomycetes_unidentified	Sordariomycetes_unidentified_1	Sordariomycetes_unidentified_1	
ASV819	Fungi	Basidiomycota	Tremellomycetes	Tremellales	Tremellaceae	Cryptococcus	Cryptococcus_sp
ASV82	Fungi	Ascomycota	Dothideomycetes	Dothideomycetes_unidentified	Dothideomycetes_unidentified_1	Dothideomycetes_unidentified_1	
ASV820	Fungi	Basidiomycota	Agaricomycetes	Agaricales	Strophariaceae	Psilocybe	Psilocybe_montana
ASV823	Fungi	Ascomycota					
ASV825	Fungi	Ascomycota	Taphrinomycetes	Taphrinales	Taphrinaceae	Lalaria	Lalaria_carpini
ASV826	Fungi	Ascomycota	Taphrinomycetes	Taphrinales	Taphrinaceae	Taphrina	Taphrina_sp
ASV827	Fungi	Basidiomycota	Microbotryomycetes	Leucosporidiales	Leucosporidiaceae	Leucosporidiella	Leucosporidiella
ASV828	Fungi	Ascomycota	Pezizomycotina_Incertae_sedis	Pezizomycotina_Incertae_sedis	Pezizomycotina_Incertae_sedis	Torula	Torula_caligans
ASV83	Fungi	Ascomycota	Dothideomycetes	Pleosporales	Phaeosphaeriaceae	Stagonospora	Stagonospora_pseudovitensis
ASV834	Fungi	Ascomycota					
ASV839	Fungi	Ascomycota					
ASV84	Fungi	Basidiomycota	Tremellomycetes	Tremellales	Tremellales_Incertae_sedis	Kockovaella	
ASV840	Fungi	Ascomycota	Dothideomycetes	Pleosporales	Lophiostomataceae	Massarina	Massarina_igniaria
ASV848	Fungi	Basidiomycota	Microbotryomycetes	Sporidiobolales	Sporidiobolales_Incertae_sedis	Sporobolomyces	Sporobolomyces_gracilis
ASV85	Fungi	Basidiomycota	Tremellomycetes	Cystofilobasidiales	Cystofilobasidiaceae	Udeniomyces	Udeniomyces_pyricola
ASV854	Fungi	Basidiomycota	Tremellomycetes	Tremellales	Tremellales_unidentified	Tremellales_unidentified_1	Tremellales_unidentified_1
ASV855	Fungi	Ascomycota	Dothideomycetes	Dothideomycetes_Incertae_sedis	Dothideomycetes_Incertae_sedis	Peltaster	Peltaster_fructicola
ASV86	Fungi	Basidiomycota	Ustilaginomycetes	Ustilaginales	Ustilaginaceae	Pseudozyma	Pseudozyma_aphidis
ASV87	Fungi	Basidiomycota	Tremellomycetes	Tremellales	Tremellaceae	Cryptococcus	Cryptococcus_victoriae
ASV873	Fungi	Ascomycota	Ascomycota_unidentified	Ascomycota_unidentified_1	Ascomycota_unidentified_1	Ascomycota_unidentified_1_1	Ascomycota_unidentified_1_1
ASV874	Fungi	Ascomycota	Dothideomycetes	Pleosporales	Pleosporales_Incertae_sedis	Periconia	Periconia_sp
ASV878	Fungi	Basidiomycota	Tremellomycetes	Tremellales	Tremellaceae	Cryptococcus	Cryptococcus_paraflavus
ASV880	Fungi	Basidiomycota	Ustilaginomycetes	Ustilaginales	Ustilaginaceae	Pseudozyma	Pseudozyma_churashimaensis
ASV882	Fungi	Basidiomycota	Agaricomycetes	Russulales	Stereaceae	Stereum	Stereum_hirsutum
ASV883	Fungi	Ascomycota	Sordariomycetes	Chaetosphaeriales			
ASV884	Fungi	Basidiomycota	Tremellomycetes	Tremellales	Tremellales_Incertae_sedis	Bullera	Bullera_variabilis
ASV885	Fungi						
ASV889	Fungi	Basidiomycota	Tremellomycetes	Tremellales	Tremellales_Incertae_sedis	Cryptococcus	Cryptococcus_sp
ASV89	Fungi	Basidiomycota	Tremellomycetes	Tremellales	Tremellales_Incertae_sedis	Kockovaella	
ASV898	Fungi	Basidiomycota	Microbotryomycetes	Sporidiobolales	Sporidiobolales_Incertae_sedis	Sporobolomyces	Sporobolomyces_sp
ASV90	Fungi	Basidiomycota	Microbotryomycetes	Sporidiobolales	Sporidiobolales_Incertae_sedis	Sporobolomyces	Sporobolomyces_vermiculatus
ASV904	Fungi	Ascomycota	Dothideomycetes	Pleosporales	Pleosporales_Incertae_sedis	Periconia	Periconia_sp
ASV91	Fungi	Basidiomycota	Tremellomycetes	Tremellales	Tremellales_Incertae_sedis	Hannaella	Hannaella_sinensis
ASV911	Fungi	Ascomycota	Dothideomycetes	Pleosporales	Phaeosphaeriaceae	Phaeosphaeria	
ASV912	Fungi	Ascomycota	Sordariomycetes	Hypocreales	Hypocreales_Incertae_sedis	Myrothecium	Myrothecium_roridum
ASV916	Fungi	Ascomycota	Sordariomycetes	Sordariomycetidae_Incertae_sedis	Apiosporaceae	Arthrinium	Arthrinium_phaeospermum
ASV92	Fungi	Ascomycota	Dothideomycetes	Pleosporales	Phaeosphaeriaceae	Phaeosphaeria	Phaeosphaeria_herpotrichoides
ASV924	Fungi	Ascomycota					
ASV927	Fungi	Ascomycota					
ASV93	Fungi	Basidiomycota	Tremellomycetes	Tremellales	Tremellales_Incertae_sedis	Hannaella	Hannaella_sinensis
ASV930	Fungi	Ascomycota	Dothideomycetes	Pleosporales	Lophiostomataceae	Lophiostoma	
ASV931	Fungi	Ascomycota	Dothideomycetes	Dothideales	Dothioraceae	Hormonema	Hormonema_prunorum
ASV934	Fungi	Ascomycota	Dothideomycetes	Capnodiales			
ASV936	Fungi	Ascomycota	Dothideomycetes	Pleosporales			
ASV937	Fungi	Basidiomycota	Tremellomycetes	Tremellales	Tremellaceae	Cryptococcus	Cryptococcus_dimennae
ASV94	Fungi	Ascomycota	Dothideomycetes	Capnodiales	Mycosphaerellaceae	Dissoconium	Dissoconium_aciculare
ASV940	Fungi	Basidiomycota	Agaricomycetes	Russulales	Peniophoraceae	Peniophora	
ASV942	Fungi	Ascomycota	Sordariomycetes	Hypocreales	Cordycipitaceae	Isaria	Isaria_sp
ASV946	Fungi	Ascomycota	Dothideomycetes	Pleosporales	Lophiostomataceae	Tetraploa	Tetraploa_aristata
ASV948	Fungi	Ascomycota	Dothideomycetes	Pleosporales	Phaeosphaeriaceae	Phaeosphaeria	Phaeosphaeria_phragmitis
ASV95	Fungi	Ascomycota	Dothideomycetes				
ASV950	Fungi	Ascomycota	Dothideomycetes	Pleosporales	Lophiostomataceae	Lophiostoma	Lophiostoma_fuckelii
ASV951	Fungi	Basidiomycota	Agaricomycetes	Agaricales	Schizophyllaceae	Schizophyllum	Schizophyllum_commune
ASV954	Fungi	Basidiomycota	Agaricomycetes	Agaricales	Strophariaceae		
ASV955	Fungi	Ascomycota	Dothideomycetes	Pleosporales	Pleosporaceae	Drechslera	Drechslera_biseptata
ASV96	Fungi	Ascomycota	Dothideomycetes	Pleosporales	Phaeosphaeriaceae	Ascomycota_unidentified_1_1	Ascomycota_unidentified_1_1
ASV961	Fungi	Ascomycota	Sordariomycetes	Hypocreales	Hypocreales_Incertae_sedis	Acremonium	Acremonium_implicatum
ASV964	Fungi	Ascomycota	Dothideomycetes	Pleosporales	Pleosporales_unidentified	Pleosporales_unidentified_1	Pleosporales_unidentified_1
ASV966	Fungi	Ascomycota	Dothideomycetes	Capnodiales	Mycosphaerellaceae	Passalora	Passalora_loranthi
ASV97	Fungi	Basidiomycota	Tremellomycetes	Tremellales	Tremellaceae	Cryptococcus	Cryptococcus_aureus
ASV977	Fungi	Ascomycota	Sordariomycetes	Xylariales	Hyponectriaceae	Microdochium	Microdochium_bolleyi
ASV98	Fungi	Basidiomycota	Tremellomycetes	Tremellales	Tremellaceae	Cryptococcus	Cryptococcus_oeirensis
ASV981	Fungi	Ascomycota	Dothideomycetes	Pleosporales	Lophiostomataceae	Lophiostoma	
ASV982	Fungi	Ascomycota	Dothideomycetes	Pleosporales	Leptosphaeriaceae	Coniothyrium	Coniothyrium_sp
ASV988	Fungi	Ascomycota	Sordariomycetes	Sordariomycetes_unidentified	Sordariomycetes_unidentified_1	Sordariomycetes_unidentified_1	
ASV989	Fungi	Basidiomycota	Agaricomycetes	Polyporales	Meruliaceae	Phlebia	Phlebia_subochracea
ASV99	Fungi	Ascomycota					
ASV993	Fungi	Basidiomycota	Agaricomycetes				
ASV994	Fungi	Ascomycota	Dothideomycetes	Pleosporales	Leptosphaeriaceae	Leptosphaeria	Leptosphaeria_lindquistii
ASV995	Fungi	Basidiomycota	Agaricomycetes	Agaricales	Schizophyllaceae	Schizophyllum	Schizophyllum_commune
ASV997	Fungi	Ascomycota	Dothideomycetes	Capnodiales			